Name,Voter ID Number,Date of Birth,Father's Name,Address,Gender,Mobile Number,Email
Donna Taylor,NRH0416284,09/10/1977,John Johnson,"920 Hill Skyway Apt. 928, West Kevin, AZ 12390",Male,1903107069,smithrobert@example.net
James Ramos,IRE9380327,07/02/1976,David Sheppard,"230 Cynthia Greens, Morrisberg, AL 52008",Male,1768089737,matthewrogers@example.com
Eugene Miller,YSB0177399,06/11/1958,James Jones,"9779 Ellison Court Suite 959, Walkerburgh, MH 86184",Female,6723660612,reidapril@example.com
Kevin Taylor,BKW5101078,19/04/1954,Danny Bailey,"775 Regina Meadows, Port Karenshire, AK 95840",Female,9664373993,michelle19@example.org
Charles Scott,O,03/05/1997,Christian Morrison,"97910 Murray Springs, Jonesburgh, WI 46991",O,6440064,lopezkarina@example.org
Pamela Woodward,TKX1655343,23/05/1956,Justin Lee,"608 Valenzuela Lakes Apt. 820, Martinmouth, GU 67374",Male,7428384320,ecollins@example.com
Tara Johnson,LNE6141684,26/03/1974,James Lewis,"698 Coleman Plains Suite 941, South Amyside, WY 64660",Female,5473212358,cdiaz@example.net
Shawn Fox,DFM6976016,28/03/1997,Philip Robinson,"229 Carlos Mountains, New Matthew, MA 45779",Female,5927787870,lalexander@example.org
Justin Smith,SLH3549290,09/03/1978,Robert Lewis,"509 Young Island Suite 634, Deborahton, GU 43597",Female,3100716163,bakerkayla@example.org
Ryan Watkins,UYB4462105,30/09/1947,Anthony Kennedy,"22246 Brian Mountains Apt. 590, West Kristinafurt, MH 06486",Other,6162073251,martinkara@example.org
Melissa Fernandez,ZXE3806941,06/11/1982,Kevin Zimmerman,"3735 Tina Fort, Kellyside, OH 93128",Female,550968779,davidgilbert@example.org
Robert Porter,H7CG9IAJLV2RCH24,27/11/1998,John Nichols,"15430 Mitchell Overpass Suite 520, Port Joseph, CT 69498",O,BSSuq73iZH,katie20@example.com
Jasmine Reed,PBH7755696,25/03/1979,Seth Brown,"PSC 5208, Box 7800, APO AP 02702",Male,5166845103,kirbyamy@example.org
Deborah Martin,LLV4156667,06/03/1954,James Douglas,"168 Rivera Neck, Jacobsburgh, ID 61470",Male,548578801,moniquemoreno@example.net
Daniel Kaiser,ADP4687766,28/11/2000,Paul Moore,"391 Dawn Plaza, South Sherriton, IN 76625",Female,7084714030,plane@example.net
Ashley Moore,EIJ9598199,12/03/1977,Michael Peterson,"057 Coleman Forges, Jenniferfort, MP 66523",Male,3161800295,cassiemorales@example.net
Melissa Ray,SVI8292689,06/09/1944,Mike Hall,"392 Valencia Road, Timothymouth, CA 40381",Male,6287264068,obrienscott@example.org
Mrs. Emily Vaughan,U,19/06/1956,Richard Wells,"USNV Campbell, FPO AE 71595",O,05jlAWqojI,jennifer56@example.net
Michael Frank,IGB9737083,30/10/1996,John Gonzalez,"432 John Glen Suite 036, South Karenburgh, AS 07226",Other,4886446309,kpatel@example.org
Timothy Ramirez,LUR5907783,16/07/1975,David Jones,"990 Jason Ports Apt. 552, New Amandaburgh, AK 78433",Female,2333724888,rscott@example.org
Lindsey Keith,JOH7065189,29/07/1966,Justin Ellis,"11773 Willis Inlet Apt. 034, West Jesse, CA 48728",Male,7327260591,tonyahart@example.org
Mr. Colton Patterson,YHI3817814,01/01/1989,Jason Strong,"065 Butler Roads Suite 456, East Nicholasmouth, MH 24238",Female,6786329854,joshuaedwards@example.com
Brian Quinn,OBW1597095,02/01/1996,Carlos Martin,"99801 Walker Rue Suite 516, West Jessica, DC 55969",Female,4569116465,sabrina94@example.net
Lisa Ross,UTI8115088,15/11/1984,Martin Haynes,"2256 Vanessa Squares, Karamouth, NJ 20352",Other,5919091988,kguzman@example.org
Cathy Solis,RFG9504809,01/05/1952,Stephen Glover,"72264 Garcia Neck, Port Thomas, DC 22296",Male,5508437183,michael78@example.com
Shelby Owens,DBV4947649,18/11/1978,Ryan Hunt,"3224 Medina Green, Port Nicole, ME 07290",Other,4099524576,mark52@example.net
Andrew Johnson,KAC8875336,01/12/1975,Victor Hall,"97173 Ellen Ways Suite 461, Robertville, FM 86980",Female,5825747266,suzannescott@example.com
Peter Jones,FIM3884326,05/05/1989,Kevin Cabrera,"7678 Rivera Loaf Apt. 602, Lake Wanda, KY 82328",Female,2473424987,stephenparker@example.org
Justin Gutierrez,IPG6799564,27/12/1989,Brandon Taylor,"Unit 4450 Box 5910, DPO AE 61407",Female,3577726950,shannonbrooks@example.net
Melissa Lin,JFA0183817,08/07/2000,Christopher Arellano,"9285 Michelle Orchard Suite 318, East Triciamouth, PR 92830",Other,1394791382,ryan55@example.org
Christian Ball,SGC2991485,28/06/1953,Zachary Jefferson,"662 Laurie Springs Suite 784, Barreraville, GU 34083",Male,602238777,barbara29@example.org
Parker Murphy,VLE7678428,13/09/2004,Christopher Gentry,"29874 Robert Pines Suite 265, North Cheyenneview, UT 35330",Male,4916177014,ashleythompson@example.com
Erin Gonzalez,FEU5039895,28/05/1983,Johnny Miller,"Unit 4975 Box 3138, DPO AP 41490",Male,2809149313,cpena@example.com
Charles Moran,CBE9285755,15/04/1997,Russell Long,"6166 David Ferry Suite 784, West Staceymouth, NY 07171",Male,96419198,kimberly30@example.org
Lauren Bailey,RHM3814875,12/05/1974,Michael Ewing,"3896 Turner Spur, South Timothy, AR 87463",Other,9045847815,christopher55@example.com
Ryan Mills,UMS9826708,30/06/1945,John Sanchez,"8237 Emily Haven, Janetmouth, FM 57565",Female,2613819097,alexisdouglas@example.org
Timothy Thompson,LWI7808953,10/01/1976,Douglas Webb,"USNS Rogers, FPO AA 07991",Female,6719877824,johndaugherty@example.net
Robert Cole,FGQ9702100,03/11/1944,David Gonzalez,"9974 Heather Brooks Suite 608, Port Joshualand, PW 25551",Female,2137909352,scottheather@example.net
Cindy Trevino,YPQ7942637,26/11/1945,Ruben Odonnell,"9468 Strickland Hills, South Megan, UT 41047",Other,1805659169,angela58@example.org
Brooke Jones,AFM8138046,14/08/1978,Zachary Carlson,"85628 Delgado Trail Suite 174, Juliefort, IL 16303",Male,9571938262,erika40@example.com
Kelly Davis,UJL8360865,04/05/1982,Eric Russell,"2278 Sergio Fords Suite 261, Josephville, MO 27517",Female,7847324778,kevin93@example.net
Jose Richardson,HIV6442783,29/06/1949,Cody Esparza,"USCGC Thompson, FPO AA 89031",Other,8525871599,obrienchristina@example.org
Frank Garcia,HLW4463786,10/12/1996,Justin Daniels,"85218 Mckay Summit Apt. 373, South Anitafort, VI 59028",Female,9275105146,upalmer@example.net
Thomas Freeman,2WQCQYJQU3YBBIDS,29/02/2019,,"3996 John Groves, Cordovafurt, GU 22352",M,15937422452740,grace30@example.com
Jennifer Walton,JKK7195867,23/01/1950,Kevin Erickson,"379 Erin Plains, Michaelchester, KS 78606",Male,2076241747,taylorkimberly@example.org
Scott Alvarado,WTE3094557,16/07/1989,Nicholas Rivers,"889 Maria Freeway, East Diana, AR 23838",Other,1522658462,derek35@example.com
Christy Grant,RCM6213610,24/12/1989,Eric Yates,"627 Jill Rapid, Yolandaborough, AR 72349",Other,9742995199,arnoldcarl@example.com
Carol Moore,RVI2105941,11/02/1975,Rodney Roberson,"207 Torres Centers, East Laura, TX 63992",Other,4702179371,margaret70@example.com
Lindsay Watts,NMU7979124,16/03/1980,Steven Carter,"61760 Osborne Meadow Suite 195, Lake Tammy, IN 77833",Other,3842734296,natalie18@example.com
Gregory Barnes,GOP0263930,16/12/1960,Mark Vargas,"022 Moore Burg Apt. 756, Phelpsstad, MD 74565",Other,145849866,jonesanna@example.org
Adam Russell,MVW6742353,24/10/1983,Patrick Miller,"749 Henderson Dam, Lake Davidton, PA 94828",Female,2949979124,jonathonrobinson@example.com
Nicole Johnson,APQ5864551,16/08/1982,Mitchell James,"Unit 9909 Box 5127, DPO AE 31877",Other,841724547,esmith@example.com
Wendy Clark,LRC5854414,20/05/1949,Michael Jackson,"386 Jason Crossing Apt. 791, North Michael, WY 88177",Female,121696800,christopherhines@example.net
Nicole Murray,CMS1287238,16/08/1952,Alejandro Gross,"USCGC Patterson, FPO AE 58370",Female,9633116973,leeamber@example.com
Jason Bates,TED3137924,09/08/2001,Todd Franklin,"29703 Emily Lights Suite 845, Dennisberg, FL 42493",Female,260662587,sli@example.org
Dawn Brooks,OPV5173209,28/06/1987,Kenneth Hamilton,"8410 Ryan Crescent, Tylershire, IL 75686",Male,3829030249,drewespinoza@example.org
Perry Smith,	`@>?_*!)],29/02/2019,,"9163 Brown Flat, Reneeshire, NH 24798",O,695202803,jackie86@example.net
Gregory Rubio,DUF9110902,26/08/1975,Justin Peterson,"98324 Tanner Flats, North Jonathanbury, GA 25192",Female,7393985363,robertshelton@example.org
Daniel Clark,GIR3890642,20/11/1946,David Gray,"6011 Jones Trace, West Frederick, SD 54897",Female,6134899272,heathermorales@example.org
Jennifer Waller,TIW8712812,13/03/1959,Jeffery Sullivan,"31364 Stephen Stravenue Apt. 918, Codyberg, IN 27242",Male,4732805460,stevenskyle@example.org
Kelly Mercer,WJJ2828860,30/09/2003,Michael Ramirez,"401 Alexandra River, Port Gabriel, GA 77870",Male,9290095248,hillelizabeth@example.org
Wayne Crane,ORY3056846,26/09/1955,Justin Mahoney,"36766 Miguel Well Apt. 707, New Carol, FM 18054",Other,806569782,robertwood@example.com
Lisa Ortiz,IKQ9542024,06/06/1983,Joseph Montoya,"05811 Miller Stream Apt. 948, Penafort, CT 65131",Male,5104381525,ivasquez@example.org
Peter Gibson Jr.,EHM4723023,15/02/1954,Jordan Brown,"7351 Vicki Inlet Apt. 765, Port Brad, RI 35194",Female,3168967545,heatherochoa@example.net
Daniel Stewart,BHO4936936,28/06/2002,Brian Turner,"8074 Patricia Parkways, Josephburgh, AS 17560",Other,9613715763,ronald04@example.com
David Hernandez,GQN8948400,25/10/1945,Justin Page,"906 Williams Knolls Suite 991, New Gary, OK 82002",Other,8866853473,andrew17@example.org
Frederick Bishop,CZE4904129,11/05/1988,Charles Haynes,"7145 Hubbard Curve Apt. 605, Kaylamouth, SC 50572",Male,2330447249,patelsamuel@example.com
Katherine Kramer,IDR6751291,09/03/1996,Jacob Ruiz,"44158 Anthony Highway Suite 360, Chapmanstad, AL 64499",Male,5903606298,ijackson@example.org
John Roberts,YEQP5QG2SMWTMCCP184,29/02/2019,,"830 Wiley Locks, South Matthewfort, MO 25142",F,855963,kjames@example.com
Timothy Smith,QPT9550863,04/11/1975,Johnny Murphy,"198 Smith Village Apt. 552, Rowlandfurt, GU 64601",Male,8079911328,cherylfarmer@example.net
Steve Wise,YAF8425708,12/08/1972,Charles Atkins,"9953 Sutton Field Suite 373, Lake John, OK 37929",Other,5516581663,lisa26@example.com
Andrew Spears,CMJ2298415,14/06/1962,Andrew Mora,"5710 Emily Circle Suite 242, Ianstad, GA 60886",Male,8687990868,rebecca63@example.org
Brett Adams,APA5365496,29/09/2001,Jay Lopez,"817 Glass Glens, Matthewstad, NV 87337",Female,26458992,wanda01@example.com
James White,MHD6474341,03/02/1950,Timothy Simmons,"185 Harper Mountain Apt. 219, Nicholasmouth, WA 38376",Male,4938812602,hannah90@example.com
Douglas Wang,OZI1167451,10/01/1961,John Thompson,"0830 Shirley Bridge, Cookshire, MS 63859",Other,736778761,isingh@example.net
Brenda Cole,Q,29/02/2019,,"9319 Williams Ridge, Chambersport, IA 74914",M,76413803385,oliverbilly@example.net
Martin Sutton,EMG2946849,10/09/1967,Jeffrey Glenn,"89302 Davis Pike, Romerofurt, NH 11991",Female,7437501374,harrissusan@example.com
Carol Stewart,WUD5960357,30/08/1967,Alexander Johns,"216 Theresa Harbor, Kingfort, SC 85365",Other,5953737115,bryanscott@example.com
Sherri Bailey,AUB1513969,16/12/1948,Justin Phillips,"884 Jeremy Mount Suite 113, Cindyhaven, KY 47282",Male,6650068096,littledanny@example.org
Tracie Petersen,FRQ2523132,30/06/1947,Benjamin Williams,"8766 Adam Mission Apt. 252, Joannatown, MI 73783",Male,8611151124,elizabethwolf@example.org
Daniel Jones,ILR2540832,31/01/1948,Keith Johnson,"USNS Brady, FPO AE 67127",Male,4976936099,cookaaron@example.org
Jennifer May,KDA0040407,28/04/1989,Patrick Mills,"4529 York Parkway Suite 332, North Michael, VI 90006",Female,2497958438,tracyle@example.com
Christopher Moore,LTP4474539,06/07/1975,Brian Valencia,"0639 Alexander Springs, Garciamouth, CA 67608",Other,3940824495,kathrynlawson@example.org
Cindy Coffey,BAY9696582,24/08/1987,William Mathews,"25737 Monica Squares, Zacharyville, MT 23763",Male,5732566648,julian16@example.org
Lacey Pruitt,QWK6267249,26/09/1948,Hector Blake,"02402 Smith Estates, Guzmanmouth, KS 85101",Other,4848126991,truiz@example.org
Mrs. Jennifer Holland DVM,XSQ8106393,19/09/1944,Ronald Harmon,"3970 Holly Grove Apt. 230, South Joseph, TN 16792",Female,8734136331,umartinez@example.com
Allison Guzman,HJH6103225,09/12/1974,David Johnson,"69861 Harold Green, Petertown, VI 23644",Female,8995154498,durhamcalvin@example.net
Stacy Davis,ITRQ83,29/02/2019,Dennis Holt,"9286 Jennifer Ferry, Mccartyshire, LA 73440",F,07372832,richardsonkevin@example.net
Jerry Mccormick,AAD2452113,14/07/1958,Jared Walker,"0441 Meyer Dam Suite 626, Gaytown, MN 85068",Other,3847781031,webbkristen@example.net
Tammy Spence,REH2150494,17/12/1989,Aaron Evans,"959 Hernandez Fall, Port Elizabeth, VI 26369",Female,6649531572,wcain@example.net
Mary Spencer,AUW2423242,14/02/1990,Tony Hurley,"8774 Michael Forest, Lawrenceburgh, VA 92417",Other,3389107428,xdecker@example.com
Randy French,WTT5676909,04/10/1964,Eric Barron,"53785 David Point, Monicachester, FM 00860",Other,2352600126,bethany77@example.com
Eduardo Robinson,LKQ3938401,12/04/1951,Adam Johnson,"9105 Miller Loop Suite 987, Michaelfort, MO 24862",Female,4934987657,barberjennifer@example.org
Roberto Evans,SEM1197823,26/07/2004,Justin Fletcher,"426 Cannon View Suite 892, Rowemouth, NJ 84989",Other,535027048,jennifer95@example.net
Stephanie Weaver,TZ,29/02/2019,Scott Hernandez,"217 Andrea Landing, North Meganshire, CO 45274",M,66724074465475,ianpearson@example.org
Mark Miller,PNU7004594,03/02/1965,Martin Thompson,"8380 Ward Fort, Toddbury, PW 40177",Other,4062619403,rphillips@example.net
Roberto Elliott,MTQ3542245,08/11/1999,Roger Brown,"49621 Wayne Stravenue Suite 870, Lake Heidi, VA 08425",Male,3342839087,nwatts@example.net
Richard Whitehead,LKA7669734,26/09/1992,Juan Hernandez,"78778 Anderson Highway, New Aaronberg, OR 38201",Female,8320374385,swansonjake@example.org
Jason Berry,VEC2431558,18/08/1977,James Fowler,"00296 Jose Viaduct Suite 653, East Edward, WI 86026",Other,9350541826,kthomas@example.org
John Smith,CYO6211573,27/01/1996,Shannon Medina,"505 Smith Dale Suite 581, South Johnview, OR 38476",Other,1756057033,kperez@example.org
Ryan Romero,GBB4996643,03/04/1965,William Lee,"36097 Jenkins Lock Suite 261, Woodwardview, CO 54432",Other,8332721445,jonesjonathan@example.org
Kara Black,BQS7584701,24/09/1991,Danny Parker,"8152 Sarah Harbor, Lake Kellyburgh, OH 01832",Female,6086518059,jamiemercer@example.org
Christy Johnson,MVT1814481,12/08/1993,Edward Webb,"34222 Grace Branch Apt. 680, Lake Kimberlyhaven, OH 58139",Female,9453055459,wileychristopher@example.com
Michael Russell,NJB7089864,09/09/2001,Brandon Martin,"0302 Colleen Shoal, Kristineport, HI 65503",Male,486168404,pollardsarah@example.com
James Edwards,GKX5434130,14/06/1962,Caleb Shannon,"65046 Morris Lodge Suite 773, Robertmouth, VA 89223",Male,5411365549,jessicasmith@example.net
Emma Carr,BHN2545245,27/08/2006,Kevin Edwards,"59819 Smith Parkway, North Nicoleshire, NE 41308",Male,8273642439,lyonsmelinda@example.net
Joseph Pearson,TWZ8234616,23/09/1950,Michael Snyder,"93721 Rodriguez Trail Suite 467, Gomezchester, AR 92224",Female,2551077327,brucebryant@example.net
Patrick Reyes DDS,NFA5580543,07/02/1962,Chad Russell,"PSC 9967, Box 9742, APO AA 06098",Female,486377180,laurawashington@example.net
Tyler Richardson,4VA0IZ3,29/02/2019,,"6163 Hartman Land, Annettefort, AS 81450",O,883856246019247,christopherjordan@example.net
Charles Best,MUP0479292,27/11/1975,Jose Robinson,"936 Mendoza Heights, New Tiffanyfort, NH 84540",Male,3818954451,othomas@example.net
